step,action,attribute,prob_acceptance,temp,dispersal,impurity,energy
0,zero,None,None,10.000000,0.000000,1.000000,0.000000
1,split,case:customer_type,1.000000,10.000000,0.000000,0.768622,-0.375804
1,merge,case:customer_type,0.963117,10.000000,0.000000,1.000000,0.000000
1,split,concept:name,1.000000,10.000000,0.505051,1.000000,0.000000
1,split,case:customer_type,1.000000,10.000000,0.252525,0.768622,-0.353372
2,merge,case:customer_type,0.963486,9.500000,0.505051,1.000000,0.000000
2,merge,concept:name,1.000000,9.500000,0.000000,1.000000,0.000000
2,split,concept:name,1.000000,9.500000,0.505051,1.000000,0.000000
2,merge,concept:name,1.000000,9.500000,0.000000,1.000000,0.000000
3,split,case:customer_type,1.000000,9.025000,0.000000,0.768622,-0.375804
3,merge,case:customer_type,0.959215,9.025000,0.000000,1.000000,0.000000
3,split,concept:name,1.000000,9.025000,0.505051,1.000000,0.000000
3,merge,concept:name,1.000000,9.025000,0.000000,1.000000,0.000000
4,split,concept:name,1.000000,8.573750,0.505051,1.000000,0.000000
4,split,case:customer_type,1.000000,8.573750,0.252525,0.768622,-0.353372
4,merge,case:customer_type,0.959622,8.573750,0.505051,1.000000,0.000000
4,split,case:customer_type,1.000000,8.573750,0.252525,0.768622,-0.353372
5,merge,concept:name,1.000000,8.145062,0.000000,0.768622,-0.375804
5,merge,case:customer_type,0.954909,8.145062,0.000000,1.000000,0.000000
5,split,concept:name,1.000000,8.145062,0.505051,1.000000,0.000000
5,merge,concept:name,1.000000,8.145062,0.000000,1.000000,0.000000
6,split,concept:name,1.000000,7.737809,0.505051,1.000000,0.000000
6,split,case:customer_type,1.000000,7.737809,0.252525,0.768622,-0.353372
6,merge,concept:name,1.000000,7.737809,0.000000,0.768622,-0.375804
6,split,concept:name,0.997105,7.737809,0.252525,0.768622,-0.353372
7,merge,case:customer_type,0.953065,7.350919,0.505051,1.000000,0.000000
7,merge,concept:name,1.000000,7.350919,0.000000,1.000000,0.000000
7,split,concept:name,1.000000,7.350919,0.505051,1.000000,0.000000
7,merge,concept:name,1.000000,7.350919,0.000000,1.000000,0.000000
8,split,case:customer_type,1.000000,6.983373,0.000000,0.768622,-0.375804
8,split,concept:name,0.996793,6.983373,0.252525,0.768622,-0.353372
8,merge,concept:name,1.000000,6.983373,0.000000,0.768622,-0.375804
8,split,concept:name,0.996793,6.983373,0.252525,0.768622,-0.353372
9,merge,concept:name,1.000000,6.634204,0.000000,0.768622,-0.375804
9,merge,case:customer_type,0.944928,6.634204,0.000000,1.000000,0.000000
9,split,case:customer_type,1.000000,6.634204,0.000000,0.768622,-0.375804
9,merge,case:customer_type,0.944928,6.634204,0.000000,1.000000,0.000000
10,split,case:customer_type,1.000000,6.302494,0.000000,0.768622,-0.375804
10,merge,case:customer_type,0.942115,6.302494,0.000000,1.000000,0.000000
10,split,concept:name,1.000000,6.302494,0.505051,1.000000,0.000000
10,merge,concept:name,1.000000,6.302494,0.000000,1.000000,0.000000
11,split,case:customer_type,1.000000,5.987369,0.000000,0.768622,-0.375804
11,merge,case:customer_type,0.939163,5.987369,0.000000,1.000000,0.000000
11,split,case:customer_type,1.000000,5.987369,0.000000,0.768622,-0.375804
11,split,concept:name,0.996260,5.987369,0.252525,0.768622,-0.353372
12,merge,concept:name,1.000000,5.688001,0.000000,0.768622,-0.375804
12,split,concept:name,0.996064,5.688001,0.252525,0.768622,-0.353372
12,merge,concept:name,1.000000,5.688001,0.000000,0.768622,-0.375804
12,split,concept:name,0.996064,5.688001,0.252525,0.768622,-0.353372
13,merge,concept:name,1.000000,5.403601,0.000000,0.768622,-0.375804
13,split,concept:name,0.995857,5.403601,0.252525,0.768622,-0.353372
13,merge,case:customer_type,0.936697,5.403601,0.505051,1.000000,0.000000
13,split,case:customer_type,1.000000,5.403601,0.252525,0.768622,-0.353372
14,merge,concept:name,1.000000,5.133421,0.000000,0.768622,-0.375804
14,split,concept:name,0.995640,5.133421,0.252525,0.768622,-0.353372
14,merge,concept:name,1.000000,5.133421,0.000000,0.768622,-0.375804
14,merge,case:customer_type,0.929408,5.133421,0.000000,1.000000,0.000000
15,split,concept:name,1.000000,4.876750,0.505051,1.000000,0.000000
15,split,case:customer_type,1.000000,4.876750,0.252525,0.768622,-0.353372
15,merge,case:customer_type,0.930103,4.876750,0.505051,1.000000,0.000000
15,split,case:customer_type,1.000000,4.876750,0.252525,0.768622,-0.353372
16,merge,concept:name,1.000000,4.632912,0.000000,0.768622,-0.375804
16,merge,case:customer_type,0.922087,4.632912,0.000000,1.000000,0.000000
16,split,concept:name,1.000000,4.632912,0.505051,1.000000,0.000000
16,merge,concept:name,1.000000,4.632912,0.000000,1.000000,0.000000
17,split,concept:name,1.000000,4.401267,0.505051,1.000000,0.000000
17,split,case:customer_type,1.000000,4.401267,0.252525,0.768622,-0.353372
17,merge,case:customer_type,0.922850,4.401267,0.505051,1.000000,0.000000
17,split,case:customer_type,1.000000,4.401267,0.252525,0.768622,-0.353372
18,merge,concept:name,1.000000,4.181203,0.000000,0.768622,-0.375804
18,split,concept:name,0.994649,4.181203,0.252525,0.768622,-0.353372
18,None,None,0.918959,4.181203,0.252525,0.768622,-0.353372
18,merge,concept:name,1.000000,4.181203,0.000000,0.768622,-0.375804
19,merge,case:customer_type,0.909728,3.972143,0.000000,1.000000,0.000000
19,split,case:customer_type,1.000000,3.972143,0.000000,0.768622,-0.375804
19,split,concept:name,0.994369,3.972143,0.252525,0.768622,-0.353372
19,merge,case:customer_type,0.914880,3.972143,0.505051,1.000000,0.000000
20,merge,concept:name,1.000000,3.773536,0.000000,1.000000,0.000000
20,split,concept:name,1.000000,3.773536,0.505051,1.000000,0.000000
20,split,case:customer_type,1.000000,3.773536,0.252525,0.768622,-0.353372
20,merge,case:customer_type,0.910606,3.773536,0.505051,1.000000,0.000000
21,merge,concept:name,1.000000,3.584859,0.000000,1.000000,0.000000
21,split,case:customer_type,1.000000,3.584859,0.000000,0.768622,-0.375804
21,merge,case:customer_type,0.900477,3.584859,0.000000,1.000000,0.000000
21,split,case:customer_type,1.000000,3.584859,0.000000,0.768622,-0.375804
22,split,concept:name,0.993435,3.405616,0.252525,0.768622,-0.353372
22,merge,case:customer_type,0.901440,3.405616,0.505051,1.000000,0.000000
22,split,case:customer_type,1.000000,3.405616,0.252525,0.768622,-0.353372
22,merge,concept:name,1.000000,3.405616,0.000000,0.768622,-0.375804
23,merge,case:customer_type,0.890336,3.235335,0.000000,1.000000,0.000000
23,split,case:customer_type,1.000000,3.235335,0.000000,0.768622,-0.375804
23,None,None,0.890336,3.235335,0.000000,0.768622,-0.375804
23,merge,case:customer_type,0.890336,3.235335,0.000000,1.000000,0.000000
24,split,concept:name,1.000000,3.073569,0.505051,1.000000,0.000000
24,merge,concept:name,1.000000,3.073569,0.000000,1.000000,0.000000
24,split,case:customer_type,1.000000,3.073569,0.000000,0.768622,-0.375804
24,split,concept:name,0.992728,3.073569,0.252525,0.768622,-0.353372
25,merge,concept:name,1.000000,2.919890,0.000000,0.768622,-0.375804
25,merge,case:customer_type,0.879234,2.919890,0.000000,1.000000,0.000000
25,split,concept:name,1.000000,2.919890,0.505051,1.000000,0.000000
25,split,case:customer_type,1.000000,2.919890,0.252525,0.768622,-0.353372
26,merge,concept:name,1.000000,2.773896,0.000000,0.768622,-0.375804
26,merge,case:customer_type,0.873298,2.773896,0.000000,1.000000,0.000000
26,split,case:customer_type,1.000000,2.773896,0.000000,0.768622,-0.375804
26,merge,case:customer_type,0.873298,2.773896,0.000000,1.000000,0.000000
27,split,concept:name,1.000000,2.635201,0.505051,1.000000,0.000000
27,merge,concept:name,1.000000,2.635201,0.000000,1.000000,0.000000
27,split,concept:name,1.000000,2.635201,0.505051,1.000000,0.000000
27,split,case:customer_type,1.000000,2.635201,0.252525,0.768622,-0.353372
28,merge,case:customer_type,0.868355,2.503441,0.505051,1.000000,0.000000
28,merge,concept:name,1.000000,2.503441,0.000000,1.000000,0.000000
28,split,case:customer_type,1.000000,2.503441,0.000000,0.768622,-0.375804
28,split,concept:name,0.991080,2.503441,0.252525,0.768622,-0.353372
29,merge,concept:name,1.000000,2.378269,0.000000,0.768622,-0.375804
29,split,concept:name,0.990612,2.378269,0.252525,0.768622,-0.353372
29,merge,concept:name,1.000000,2.378269,0.000000,0.768622,-0.375804
29,split,concept:name,0.990612,2.378269,0.252525,0.768622,-0.353372
30,merge,concept:name,1.000000,2.259355,0.000000,0.768622,-0.375804
30,merge,case:customer_type,0.846765,2.259355,0.000000,1.000000,0.000000
30,split,case:customer_type,1.000000,2.259355,0.000000,0.768622,-0.375804
30,merge,case:customer_type,0.846765,2.259355,0.000000,1.000000,0.000000
31,split,case:customer_type,1.000000,2.146388,0.000000,0.768622,-0.375804
31,split,concept:name,0.989603,2.146388,0.252525,0.768622,-0.353372
31,merge,concept:name,1.000000,2.146388,0.000000,0.768622,-0.375804
31,None,None,0.839384,2.146388,0.000000,0.768622,-0.375804
32,merge,case:customer_type,0.831685,2.039068,0.000000,1.000000,0.000000
32,split,case:customer_type,1.000000,2.039068,0.000000,0.768622,-0.375804
32,merge,case:customer_type,0.831685,2.039068,0.000000,1.000000,0.000000
32,split,case:customer_type,1.000000,2.039068,0.000000,0.768622,-0.375804
33,split,concept:name,0.988487,1.937115,0.252525,0.768622,-0.353372
33,merge,case:customer_type,0.833250,1.937115,0.505051,1.000000,0.000000
33,merge,concept:name,1.000000,1.937115,0.000000,1.000000,0.000000
33,split,concept:name,1.000000,1.937115,0.505051,1.000000,0.000000
34,merge,concept:name,1.000000,1.840259,0.000000,1.000000,0.000000
34,split,case:customer_type,1.000000,1.840259,0.000000,0.768622,-0.375804
34,merge,case:customer_type,0.815289,1.840259,0.000000,1.000000,0.000000
34,split,case:customer_type,1.000000,1.840259,0.000000,0.768622,-0.375804
35,split,concept:name,0.987251,1.748246,0.252525,0.768622,-0.353372
35,merge,concept:name,1.000000,1.748246,0.000000,0.768622,-0.375804
35,merge,case:customer_type,0.806573,1.748246,0.000000,1.000000,0.000000
35,split,case:customer_type,1.000000,1.748246,0.000000,0.768622,-0.375804
36,merge,case:customer_type,0.797499,1.660834,0.000000,1.000000,0.000000
36,split,case:customer_type,1.000000,1.660834,0.000000,0.768622,-0.375804
36,None,None,0.797499,1.660834,0.000000,0.768622,-0.375804
36,split,concept:name,0.986584,1.660834,0.252525,0.768622,-0.353372
37,merge,case:customer_type,0.799342,1.577792,0.505051,1.000000,0.000000
37,merge,concept:name,1.000000,1.577792,0.000000,1.000000,0.000000
37,split,concept:name,1.000000,1.577792,0.505051,1.000000,0.000000
37,merge,concept:name,1.000000,1.577792,0.000000,1.000000,0.000000
38,split,case:customer_type,1.000000,1.498903,0.000000,0.768622,-0.375804
38,split,concept:name,0.985146,1.498903,0.252525,0.768622,-0.353372
38,merge,case:customer_type,0.789975,1.498903,0.505051,1.000000,0.000000
38,merge,concept:name,1.000000,1.498903,0.000000,1.000000,0.000000
39,split,concept:name,1.000000,1.423957,0.505051,1.000000,0.000000
39,merge,concept:name,1.000000,1.423957,0.000000,1.000000,0.000000
39,split,concept:name,1.000000,1.423957,0.505051,1.000000,0.000000
39,merge,concept:name,1.000000,1.423957,0.000000,1.000000,0.000000
40,split,case:customer_type,1.000000,1.352760,0.000000,0.768622,-0.375804
40,split,concept:name,0.983554,1.352760,0.252525,0.768622,-0.353372
40,merge,concept:name,1.000000,1.352760,0.000000,0.768622,-0.375804
40,split,concept:name,0.983554,1.352760,0.252525,0.768622,-0.353372
41,merge,case:customer_type,0.759594,1.285122,0.505051,1.000000,0.000000
41,merge,concept:name,1.000000,1.285122,0.000000,1.000000,0.000000
41,split,concept:name,1.000000,1.285122,0.505051,1.000000,0.000000
41,merge,concept:name,1.000000,1.285122,0.000000,1.000000,0.000000
42,split,concept:name,1.000000,1.220865,0.505051,1.000000,0.000000
42,merge,concept:name,1.000000,1.220865,0.000000,1.000000,0.000000
42,split,case:customer_type,1.000000,1.220865,0.000000,0.768622,-0.375804
42,split,concept:name,0.981794,1.220865,0.252525,0.768622,-0.353372
43,merge,concept:name,1.000000,1.159822,0.000000,0.768622,-0.375804
43,split,concept:name,0.980845,1.159822,0.252525,0.768622,-0.353372
43,merge,concept:name,1.000000,1.159822,0.000000,0.768622,-0.375804
43,merge,case:customer_type,0.723237,1.159822,0.000000,1.000000,0.000000
44,split,case:customer_type,1.000000,1.101831,0.000000,0.768622,-0.375804
44,split,concept:name,0.979847,1.101831,0.252525,0.768622,-0.353372
44,merge,case:customer_type,0.725632,1.101831,0.505051,1.000000,0.000000
44,split,case:customer_type,1.000000,1.101831,0.252525,0.768622,-0.353372
45,merge,concept:name,1.000000,1.046740,0.000000,0.768622,-0.375804
45,merge,case:customer_type,0.698358,1.046740,0.000000,1.000000,0.000000
45,split,concept:name,1.000000,1.046740,0.505051,1.000000,0.000000
45,merge,concept:name,1.000000,1.046740,0.000000,1.000000,0.000000
46,split,concept:name,1.000000,0.994403,0.505051,1.000000,0.000000
46,split,case:customer_type,1.000000,0.994403,0.252525,0.768622,-0.353372
46,merge,case:customer_type,0.700921,0.994403,0.505051,1.000000,0.000000
46,merge,concept:name,1.000000,0.994403,0.000000,1.000000,0.000000
47,split,concept:name,1.000000,0.944682,0.505051,1.000000,0.000000
47,split,case:customer_type,1.000000,0.944682,0.252525,0.768622,-0.353372
47,merge,case:customer_type,0.687933,0.944682,0.505051,1.000000,0.000000
47,split,case:customer_type,1.000000,0.944682,0.252525,0.768622,-0.353372
48,merge,case:customer_type,0.674522,0.897448,0.505051,1.000000,0.000000
48,split,case:customer_type,1.000000,0.897448,0.252525,0.768622,-0.353372
48,merge,concept:name,1.000000,0.897448,0.000000,0.768622,-0.375804
48,merge,case:customer_type,0.657871,0.897448,0.000000,1.000000,0.000000
49,split,case:customer_type,1.000000,0.852576,0.000000,0.768622,-0.375804
49,merge,case:customer_type,0.643530,0.852576,0.000000,1.000000,0.000000
49,split,concept:name,1.000000,0.852576,0.505051,1.000000,0.000000
49,merge,concept:name,1.000000,0.852576,0.000000,1.000000,0.000000
50,split,concept:name,1.000000,0.809947,0.505051,1.000000,0.000000
50,merge,concept:name,1.000000,0.809947,0.000000,1.000000,0.000000
50,split,case:customer_type,1.000000,0.809947,0.000000,0.768622,-0.375804
50,merge,case:customer_type,0.628773,0.809947,0.000000,1.000000,0.000000
51,split,concept:name,0.971267,0.769450,0.252525,0.768622,-0.353372
51,merge,concept:name,1.000000,0.769450,0.000000,0.768622,-0.375804
51,merge,case:customer_type,0.613604,0.769450,0.000000,1.000000,0.000000
51,split,case:customer_type,1.000000,0.769450,0.000000,0.768622,-0.375804
52,None,None,0.598032,0.730977,0.000000,0.768622,-0.375804
52,split,concept:name,0.969778,0.730977,0.252525,0.768622,-0.353372
52,merge,concept:name,1.000000,0.730977,0.000000,0.768622,-0.375804
52,merge,case:customer_type,0.598032,0.730977,0.000000,1.000000,0.000000
53,split,case:customer_type,1.000000,0.694428,0.000000,0.768622,-0.375804
53,merge,case:customer_type,0.582067,0.694428,0.000000,1.000000,0.000000
53,split,concept:name,1.000000,0.694428,0.505051,1.000000,0.000000
53,split,case:customer_type,1.000000,0.694428,0.252525,0.768622,-0.353372
54,merge,concept:name,1.000000,0.659707,0.000000,0.768622,-0.375804
54,merge,case:customer_type,0.565722,0.659707,0.000000,1.000000,0.000000
54,split,concept:name,1.000000,0.659707,0.505051,1.000000,0.000000
54,merge,concept:name,1.000000,0.659707,0.000000,1.000000,0.000000
55,split,concept:name,1.000000,0.626722,0.505051,1.000000,0.000000
55,merge,concept:name,1.000000,0.626722,0.000000,1.000000,0.000000
55,split,concept:name,1.000000,0.626722,0.505051,1.000000,0.000000
55,merge,concept:name,1.000000,0.626722,0.000000,1.000000,0.000000
56,split,concept:name,1.000000,0.595386,0.505051,1.000000,0.000000
56,split,case:customer_type,1.000000,0.595386,0.252525,0.768622,-0.353372
56,merge,concept:name,1.000000,0.595386,0.000000,0.768622,-0.375804
56,split,concept:name,0.963024,0.595386,0.252525,0.768622,-0.353372
57,merge,case:customer_type,0.535393,0.565616,0.505051,1.000000,0.000000
57,split,case:customer_type,1.000000,0.565616,0.252525,0.768622,-0.353372
57,merge,concept:name,1.000000,0.565616,0.000000,0.768622,-0.375804
57,merge,case:customer_type,0.514575,0.565616,0.000000,1.000000,0.000000
58,split,case:customer_type,1.000000,0.537335,0.000000,0.768622,-0.375804
58,merge,case:customer_type,0.496891,0.537335,0.000000,1.000000,0.000000
58,split,case:customer_type,1.000000,0.537335,0.000000,0.768622,-0.375804
58,split,concept:name,0.959112,0.537335,0.252525,0.768622,-0.353372
59,merge,case:customer_type,0.500449,0.510469,0.505051,1.000000,0.000000
59,split,case:customer_type,1.000000,0.510469,0.252525,0.768622,-0.353372
59,merge,concept:name,1.000000,0.510469,0.000000,0.768622,-0.375804
59,None,None,0.478934,0.510469,0.000000,0.768622,-0.375804
60,split,concept:name,0.954796,0.484945,0.252525,0.768622,-0.353372
60,None,None,0.482544,0.484945,0.252525,0.768622,-0.353372
60,merge,concept:name,1.000000,0.484945,0.000000,0.768622,-0.375804
60,split,concept:name,0.954796,0.484945,0.252525,0.768622,-0.353372
61,None,None,0.464388,0.460698,0.252525,0.768622,-0.353372
61,merge,concept:name,1.000000,0.460698,0.000000,0.768622,-0.375804
61,None,None,0.442318,0.460698,0.000000,0.768622,-0.375804
61,split,concept:name,0.952475,0.460698,0.252525,0.768622,-0.353372
62,merge,concept:name,1.000000,0.437663,0.000000,0.768622,-0.375804
62,split,concept:name,0.950037,0.437663,0.252525,0.768622,-0.353372
62,merge,case:customer_type,0.446014,0.437663,0.505051,1.000000,0.000000
62,merge,concept:name,1.000000,0.437663,0.000000,1.000000,0.000000
63,split,case:customer_type,1.000000,0.415780,0.000000,0.768622,-0.375804
63,None,None,0.405006,0.415780,0.000000,0.768622,-0.375804
63,split,concept:name,0.947478,0.415780,0.252525,0.768622,-0.353372
63,None,None,0.427458,0.415780,0.252525,0.768622,-0.353372
64,merge,concept:name,1.000000,0.394991,0.000000,0.768622,-0.375804
64,None,None,0.386191,0.394991,0.000000,0.768622,-0.375804
64,split,concept:name,0.944791,0.394991,0.252525,0.768622,-0.353372
64,merge,case:customer_type,0.408758,0.394991,0.505051,1.000000,0.000000
65,merge,concept:name,1.000000,0.375241,0.000000,1.000000,0.000000
65,split,case:customer_type,1.000000,0.375241,0.000000,0.768622,-0.375804
65,merge,case:customer_type,0.367329,0.375241,0.000000,1.000000,0.000000
65,split,concept:name,1.000000,0.375241,0.505051,1.000000,0.000000
66,split,case:customer_type,1.000000,0.356479,0.252525,0.768622,-0.353372
66,merge,case:customer_type,0.371101,0.356479,0.505051,1.000000,0.000000
66,split,case:customer_type,1.000000,0.356479,0.252525,0.768622,-0.353372
66,merge,concept:name,1.000000,0.356479,0.000000,0.768622,-0.375804
67,None,None,0.329660,0.338655,0.000000,0.768622,-0.375804
67,merge,case:customer_type,0.329660,0.338655,0.000000,1.000000,0.000000
67,split,concept:name,1.000000,0.338655,0.505051,1.000000,0.000000
67,merge,concept:name,1.000000,0.338655,0.000000,1.000000,0.000000
68,split,case:customer_type,1.000000,0.321723,0.000000,0.768622,-0.375804
68,None,None,0.310958,0.321723,0.000000,0.768622,-0.375804
68,None,None,0.310958,0.321723,0.000000,0.768622,-0.375804
68,None,None,0.310958,0.321723,0.000000,0.768622,-0.375804
69,split,concept:name,0.929234,0.305636,0.252525,0.768622,-0.353372
69,None,None,0.314685,0.305636,0.252525,0.768622,-0.353372
69,None,None,0.314685,0.305636,0.252525,0.768622,-0.353372
69,merge,concept:name,1.000000,0.305636,0.000000,0.768622,-0.375804
70,None,None,0.274092,0.290355,0.000000,0.768622,-0.375804
70,split,concept:name,0.925651,0.290355,0.252525,0.768622,-0.353372
70,merge,concept:name,1.000000,0.290355,0.000000,0.768622,-0.375804
70,split,concept:name,0.925651,0.290355,0.252525,0.768622,-0.353372
71,None,None,0.277735,0.275837,0.252525,0.768622,-0.353372
71,None,None,0.277735,0.275837,0.252525,0.768622,-0.353372
71,merge,concept:name,1.000000,0.275837,0.000000,0.768622,-0.375804
71,split,concept:name,0.921895,0.275837,0.252525,0.768622,-0.353372
72,merge,concept:name,1.000000,0.262045,0.000000,0.768622,-0.375804
72,split,concept:name,0.917958,0.262045,0.252525,0.768622,-0.353372
72,merge,concept:name,1.000000,0.262045,0.000000,0.768622,-0.375804
72,merge,case:customer_type,0.238325,0.262045,0.000000,1.000000,0.000000
73,split,case:customer_type,1.000000,0.248943,0.000000,0.768622,-0.375804
73,merge,case:customer_type,0.220999,0.248943,0.000000,1.000000,0.000000
73,split,case:customer_type,1.000000,0.248943,0.000000,0.768622,-0.375804
73,split,concept:name,0.913831,0.248943,0.252525,0.768622,-0.353372
74,None,None,0.224428,0.236496,0.252525,0.768622,-0.353372
74,merge,case:customer_type,0.224428,0.236496,0.505051,1.000000,0.000000
74,split,case:customer_type,1.000000,0.236496,0.252525,0.768622,-0.353372
74,None,None,0.224428,0.236496,0.252525,0.768622,-0.353372
75,merge,concept:name,1.000000,0.224671,0.000000,0.768622,-0.375804
75,None,None,0.187742,0.224671,0.000000,0.768622,-0.375804
75,None,None,0.187742,0.224671,0.000000,0.768622,-0.375804
75,None,None,0.187742,0.224671,0.000000,0.768622,-0.375804
76,None,None,0.171921,0.213437,0.000000,0.768622,-0.375804
76,None,None,0.171921,0.213437,0.000000,0.768622,-0.375804
76,split,concept:name,0.900235,0.213437,0.252525,0.768622,-0.353372
76,merge,concept:name,1.000000,0.213437,0.000000,0.768622,-0.375804
77,split,concept:name,0.895269,0.202765,0.252525,0.768622,-0.353372
77,merge,concept:name,1.000000,0.202765,0.000000,0.768622,-0.375804
77,split,concept:name,0.895269,0.202765,0.252525,0.768622,-0.353372
77,merge,concept:name,1.000000,0.202765,0.000000,0.768622,-0.375804
78,None,None,0.142141,0.192627,0.000000,0.768622,-0.375804
78,split,concept:name,0.890071,0.192627,0.252525,0.768622,-0.353372
78,merge,concept:name,1.000000,0.192627,0.000000,0.768622,-0.375804
78,split,concept:name,0.890071,0.192627,0.252525,0.768622,-0.353372
79,merge,concept:name,1.000000,0.182996,0.000000,0.768622,-0.375804
79,None,None,0.128270,0.182996,0.000000,0.768622,-0.375804
79,split,concept:name,0.884633,0.182996,0.252525,0.768622,-0.353372
79,merge,concept:name,1.000000,0.182996,0.000000,0.768622,-0.375804
80,None,None,0.115129,0.173846,0.000000,0.768622,-0.375804
80,split,concept:name,0.878944,0.173846,0.252525,0.768622,-0.353372
80,merge,concept:name,1.000000,0.173846,0.000000,0.768622,-0.375804
80,None,None,0.115129,0.173846,0.000000,0.768622,-0.375804
81,None,None,0.872995,0.165154,0.000000,0.768622,-0.375804
81,None,None,0.102748,0.165154,0.000000,0.768622,-0.375804
81,split,concept:name,0.872995,0.165154,0.252525,0.768622,-0.353372
81,None,None,0.117696,0.165154,0.252525,0.768622,-0.353372
82,None,None,0.105161,0.156896,0.252525,0.768622,-0.353372
82,merge,concept:name,1.000000,0.156896,0.000000,0.768622,-0.375804
82,None,None,0.091151,0.156896,0.000000,0.768622,-0.375804
82,split,concept:name,0.866776,0.156896,0.252525,0.768622,-0.353372
83,None,None,0.093405,0.149051,0.252525,0.768622,-0.353372
83,merge,concept:name,1.000000,0.149051,0.000000,0.768622,-0.375804
83,split,concept:name,0.860278,0.149051,0.252525,0.768622,-0.353372
83,None,None,0.093405,0.149051,0.252525,0.768622,-0.353372
84,None,None,0.082448,0.141599,0.252525,0.768622,-0.353372
84,None,None,0.082448,0.141599,0.252525,0.768622,-0.353372
84,None,None,0.082448,0.141599,0.252525,0.768622,-0.353372
84,merge,concept:name,1.000000,0.141599,0.000000,0.768622,-0.375804
85,split,concept:name,0.846404,0.134519,0.252525,0.768622,-0.353372
85,merge,concept:name,1.000000,0.134519,0.000000,0.768622,-0.375804
85,None,None,0.061195,0.134519,0.000000,0.768622,-0.375804
85,split,concept:name,0.846404,0.134519,0.252525,0.768622,-0.353372
86,merge,case:customer_type,0.062964,0.127793,0.505051,1.000000,0.000000
86,split,case:customer_type,1.000000,0.127793,0.252525,0.768622,-0.353372
86,merge,concept:name,1.000000,0.127793,0.000000,0.768622,-0.375804
86,None,None,0.052827,0.127793,0.000000,0.768622,-0.375804
87,split,concept:name,0.831292,0.121403,0.252525,0.768622,-0.353372
87,merge,case:customer_type,0.054436,0.121403,0.505051,1.000000,0.000000
87,split,case:customer_type,1.000000,0.121403,0.252525,0.768622,-0.353372
87,None,None,0.054436,0.121403,0.252525,0.768622,-0.353372
88,None,None,0.046704,0.115333,0.252525,0.768622,-0.353372
88,None,None,0.046704,0.115333,0.252525,0.768622,-0.353372
88,merge,concept:name,1.000000,0.115333,0.000000,0.768622,-0.375804
88,split,concept:name,0.823247,0.115333,0.252525,0.768622,-0.353372
89,merge,concept:name,1.000000,0.109566,0.000000,0.768622,-0.375804
89,None,None,0.032390,0.109566,0.000000,0.768622,-0.375804
89,None,None,0.032390,0.109566,0.000000,0.768622,-0.375804
89,split,concept:name,0.814863,0.109566,0.252525,0.768622,-0.353372
90,merge,concept:name,1.000000,0.104088,0.000000,0.768622,-0.375804
90,split,concept:name,0.806129,0.104088,0.252525,0.768622,-0.353372
90,None,None,0.033543,0.104088,0.252525,0.768622,-0.353372
90,None,None,0.033543,0.104088,0.252525,0.768622,-0.353372
91,None,None,0.028054,0.098884,0.252525,0.768622,-0.353372
91,None,None,0.028054,0.098884,0.252525,0.768622,-0.353372
91,None,None,0.028054,0.098884,0.252525,0.768622,-0.353372
91,None,None,0.028054,0.098884,0.252525,0.768622,-0.353372
92,merge,concept:name,1.000000,0.093939,0.000000,0.768622,-0.375804
92,None,None,0.787577,0.093939,0.000000,0.768622,-0.375804
92,None,None,0.018307,0.093939,0.000000,0.768622,-0.375804
92,split,concept:name,0.787577,0.093939,0.252525,0.768622,-0.353372
93,merge,concept:name,1.000000,0.089242,0.000000,0.768622,-0.375804
93,split,concept:name,0.777741,0.089242,0.252525,0.768622,-0.353372
93,None,None,0.019069,0.089242,0.252525,0.768622,-0.353372
93,None,None,0.019069,0.089242,0.252525,0.768622,-0.353372
94,merge,concept:name,1.000000,0.084780,0.000000,0.768622,-0.375804
94,split,concept:name,0.767520,0.084780,0.252525,0.768622,-0.353372
94,merge,concept:name,1.000000,0.084780,0.000000,0.768622,-0.375804
94,split,concept:name,0.767520,0.084780,0.252525,0.768622,-0.353372
95,None,None,0.012432,0.080541,0.252525,0.768622,-0.353372
95,merge,concept:name,1.000000,0.080541,0.000000,0.768622,-0.375804
95,None,None,0.009410,0.080541,0.000000,0.768622,-0.375804
95,split,concept:name,0.756905,0.080541,0.252525,0.768622,-0.353372
96,None,None,0.009869,0.076514,0.252525,0.768622,-0.353372
96,None,None,0.009869,0.076514,0.252525,0.768622,-0.353372
96,merge,concept:name,1.000000,0.076514,0.000000,0.768622,-0.375804
96,split,concept:name,0.745891,0.076514,0.252525,0.768622,-0.353372
97,merge,concept:name,1.000000,0.072689,0.000000,0.768622,-0.375804
97,split,concept:name,0.734470,0.072689,0.252525,0.768622,-0.353372
97,None,None,0.007739,0.072689,0.252525,0.768622,-0.353372
97,None,None,0.007739,0.072689,0.252525,0.768622,-0.353372
98,merge,concept:name,1.000000,0.069054,0.000000,0.768622,-0.375804
98,split,concept:name,0.722637,0.069054,0.252525,0.768622,-0.353372
98,merge,concept:name,1.000000,0.069054,0.000000,0.768622,-0.375804
98,None,None,0.722637,0.069054,0.000000,0.768622,-0.375804
99,None,None,0.710387,0.065601,0.000000,0.768622,-0.375804
99,None,None,0.003252,0.065601,0.000000,0.768622,-0.375804
99,None,None,0.003252,0.065601,0.000000,0.768622,-0.375804
99,None,None,0.710387,0.065601,0.000000,0.768622,-0.375804
100,None,None,0.697716,0.062321,0.000000,0.768622,-0.375804
100,None,None,0.697716,0.062321,0.000000,0.768622,-0.375804
100,split,concept:name,0.697716,0.062321,0.252525,0.768622,-0.353372
100,merge,concept:name,1.000000,0.062321,0.000000,0.768622,-0.375804
101,None,None,0.001751,0.059205,0.000000,0.768622,-0.375804
101,None,None,0.684623,0.059205,0.000000,0.768622,-0.375804
101,None,None,0.001751,0.059205,0.000000,0.768622,-0.375804
101,None,None,0.684623,0.059205,0.000000,0.768622,-0.375804
102,None,None,0.001254,0.056245,0.000000,0.768622,-0.375804
102,split,concept:name,0.671105,0.056245,0.252525,0.768622,-0.353372
102,merge,concept:name,1.000000,0.056245,0.000000,0.768622,-0.375804
102,None,None,0.001254,0.056245,0.000000,0.768622,-0.375804
103,None,None,0.657165,0.053433,0.000000,0.768622,-0.375804
103,None,None,0.000882,0.053433,0.000000,0.768622,-0.375804
103,None,None,0.000882,0.053433,0.000000,0.768622,-0.375804
103,None,None,0.657165,0.053433,0.000000,0.768622,-0.375804
104,None,None,0.000609,0.050761,0.000000,0.768622,-0.375804
104,None,None,0.000609,0.050761,0.000000,0.768622,-0.375804
104,None,None,0.642804,0.050761,0.000000,0.768622,-0.375804
104,None,None,0.000609,0.050761,0.000000,0.768622,-0.375804
105,None,None,0.628026,0.048223,0.000000,0.768622,-0.375804
105,None,None,0.628026,0.048223,0.000000,0.768622,-0.375804
105,split,concept:name,0.628026,0.048223,0.252525,0.768622,-0.353372
105,merge,concept:name,1.000000,0.048223,0.000000,0.768622,-0.375804
106,None,None,0.000274,0.045812,0.000000,0.768622,-0.375804
106,None,None,0.612836,0.045812,0.000000,0.768622,-0.375804
106,None,None,0.000274,0.045812,0.000000,0.768622,-0.375804
106,None,None,0.000274,0.045812,0.000000,0.768622,-0.375804
107,split,concept:name,0.597244,0.043521,0.252525,0.768622,-0.353372
107,merge,concept:name,1.000000,0.043521,0.000000,0.768622,-0.375804
107,None,None,0.597244,0.043521,0.000000,0.768622,-0.375804
107,None,None,0.000178,0.043521,0.000000,0.768622,-0.375804
108,None,None,0.000113,0.041345,0.000000,0.768622,-0.375804
108,None,None,0.581260,0.041345,0.000000,0.768622,-0.375804
108,split,concept:name,0.581260,0.041345,0.252525,0.768622,-0.353372
108,merge,concept:name,1.000000,0.041345,0.000000,0.768622,-0.375804
109,split,concept:name,0.564897,0.039278,0.252525,0.768622,-0.353372
109,None,None,0.000124,0.039278,0.252525,0.768622,-0.353372
109,None,None,0.000124,0.039278,0.252525,0.768622,-0.353372
109,None,None,0.000124,0.039278,0.252525,0.768622,-0.353372
110,merge,concept:name,1.000000,0.037314,0.000000,0.768622,-0.375804
110,None,None,0.548169,0.037314,0.000000,0.768622,-0.375804
110,None,None,0.548169,0.037314,0.000000,0.768622,-0.375804
110,None,None,0.000042,0.037314,0.000000,0.768622,-0.375804
111,split,concept:name,0.531097,0.035448,0.252525,0.768622,-0.353372
111,merge,concept:name,1.000000,0.035448,0.000000,0.768622,-0.375804
111,split,concept:name,0.531097,0.035448,0.252525,0.768622,-0.353372
111,None,None,0.000047,0.035448,0.252525,0.768622,-0.353372
112,None,None,0.000028,0.033676,0.252525,0.768622,-0.353372
112,None,None,0.000028,0.033676,0.252525,0.768622,-0.353372
112,None,None,0.000028,0.033676,0.252525,0.768622,-0.353372
112,None,None,0.000028,0.033676,0.252525,0.768622,-0.353372
113,None,None,0.000016,0.031992,0.252525,0.768622,-0.353372
113,None,None,0.000016,0.031992,0.252525,0.768622,-0.353372
113,None,None,0.000016,0.031992,0.252525,0.768622,-0.353372
113,None,None,0.000016,0.031992,0.252525,0.768622,-0.353372
114,merge,concept:name,1.000000,0.030393,0.000000,0.768622,-0.375804
114,None,None,0.000004,0.030393,0.000000,0.768622,-0.375804
114,None,None,0.000004,0.030393,0.000000,0.768622,-0.375804
114,None,None,0.000004,0.030393,0.000000,0.768622,-0.375804
115,None,None,0.000002,0.028873,0.000000,0.768622,-0.375804
115,None,None,0.000002,0.028873,0.000000,0.768622,-0.375804
115,None,None,0.459817,0.028873,0.000000,0.768622,-0.375804
115,split,concept:name,0.459817,0.028873,0.252525,0.768622,-0.353372
116,merge,concept:name,1.000000,0.027429,0.000000,0.768622,-0.375804
116,split,concept:name,0.441394,0.027429,0.252525,0.768622,-0.353372
116,merge,concept:name,1.000000,0.027429,0.000000,0.768622,-0.375804
116,None,None,0.000001,0.027429,0.000000,0.768622,-0.375804
117,split,concept:name,0.422798,0.026058,0.252525,0.768622,-0.353372
117,merge,concept:name,1.000000,0.026058,0.000000,0.768622,-0.375804
117,None,None,0.000001,0.026058,0.000000,0.768622,-0.375804
117,None,None,0.000001,0.026058,0.000000,0.768622,-0.375804
118,None,None,0.000000,0.024755,0.000000,0.768622,-0.375804
118,None,None,0.000000,0.024755,0.000000,0.768622,-0.375804
118,None,None,0.000000,0.024755,0.000000,0.768622,-0.375804
118,split,concept:name,0.404069,0.024755,0.252525,0.768622,-0.353372
119,None,None,0.000000,0.023517,0.252525,0.768622,-0.353372
119,merge,concept:name,1.000000,0.023517,0.000000,0.768622,-0.375804
119,None,None,0.000000,0.023517,0.000000,0.768622,-0.375804
119,None,None,0.000000,0.023517,0.000000,0.768622,-0.375804
120,None,None,0.000000,0.022341,0.000000,0.768622,-0.375804
120,None,None,0.366387,0.022341,0.000000,0.768622,-0.375804
120,None,None,0.000000,0.022341,0.000000,0.768622,-0.375804
120,None,None,0.000000,0.022341,0.000000,0.768622,-0.375804
121,None,None,0.000000,0.021224,0.000000,0.768622,-0.375804
121,None,None,0.347528,0.021224,0.000000,0.768622,-0.375804
121,None,None,0.000000,0.021224,0.000000,0.768622,-0.375804
121,None,None,0.347528,0.021224,0.000000,0.768622,-0.375804
122,None,None,0.328724,0.020163,0.000000,0.768622,-0.375804
122,None,None,0.000000,0.020163,0.000000,0.768622,-0.375804
122,None,None,0.328724,0.020163,0.000000,0.768622,-0.375804
122,split,concept:name,0.328724,0.020163,0.252525,0.768622,-0.353372
123,merge,concept:name,1.000000,0.019155,0.000000,0.768622,-0.375804
123,split,concept:name,0.310028,0.019155,0.252525,0.768622,-0.353372
123,merge,concept:name,1.000000,0.019155,0.000000,0.768622,-0.375804
123,None,None,0.000000,0.019155,0.000000,0.768622,-0.375804
124,None,None,0.000000,0.018197,0.000000,0.768622,-0.375804
124,None,None,0.000000,0.018197,0.000000,0.768622,-0.375804
124,None,None,0.000000,0.018197,0.000000,0.768622,-0.375804
124,None,None,0.000000,0.018197,0.000000,0.768622,-0.375804
125,None,None,0.273184,0.017287,0.000000,0.768622,-0.375804
125,None,None,0.000000,0.017287,0.000000,0.768622,-0.375804
125,None,None,0.000000,0.017287,0.000000,0.768622,-0.375804
125,None,None,0.000000,0.017287,0.000000,0.768622,-0.375804
126,None,None,0.000000,0.016423,0.000000,0.768622,-0.375804
126,None,None,0.255150,0.016423,0.000000,0.768622,-0.375804
126,None,None,0.255150,0.016423,0.000000,0.768622,-0.375804
126,None,None,0.255150,0.016423,0.000000,0.768622,-0.375804
127,None,None,0.237451,0.015602,0.000000,0.768622,-0.375804
127,None,None,0.237451,0.015602,0.000000,0.768622,-0.375804
127,None,None,0.000000,0.015602,0.000000,0.768622,-0.375804
127,None,None,0.000000,0.015602,0.000000,0.768622,-0.375804
128,None,None,0.220145,0.014822,0.000000,0.768622,-0.375804
128,split,concept:name,0.220145,0.014822,0.252525,0.768622,-0.353372
128,merge,concept:name,1.000000,0.014822,0.000000,0.768622,-0.375804
128,split,concept:name,0.220145,0.014822,0.252525,0.768622,-0.353372
129,None,None,0.000000,0.014081,0.252525,0.768622,-0.353372
129,merge,concept:name,1.000000,0.014081,0.000000,0.768622,-0.375804
129,None,None,0.203290,0.014081,0.000000,0.768622,-0.375804
129,None,None,0.000000,0.014081,0.000000,0.768622,-0.375804
130,None,None,0.000000,0.013377,0.000000,0.768622,-0.375804
130,None,None,0.000000,0.013377,0.000000,0.768622,-0.375804
130,None,None,0.000000,0.013377,0.000000,0.768622,-0.375804
130,None,None,0.186939,0.013377,0.000000,0.768622,-0.375804
131,None,None,0.000000,0.012708,0.000000,0.768622,-0.375804
131,None,None,0.000000,0.012708,0.000000,0.768622,-0.375804
131,None,None,0.000000,0.012708,0.000000,0.768622,-0.375804
131,None,None,0.171147,0.012708,0.000000,0.768622,-0.375804
132,None,None,0.155962,0.012072,0.000000,0.768622,-0.375804
132,None,None,0.155962,0.012072,0.000000,0.768622,-0.375804
132,None,None,0.000000,0.012072,0.000000,0.768622,-0.375804
132,None,None,0.000000,0.012072,0.000000,0.768622,-0.375804
133,split,concept:name,0.141432,0.011469,0.252525,0.768622,-0.353372
133,merge,concept:name,1.000000,0.011469,0.000000,0.768622,-0.375804
133,split,concept:name,0.141432,0.011469,0.252525,0.768622,-0.353372
133,merge,concept:name,1.000000,0.011469,0.000000,0.768622,-0.375804
134,None,None,0.000000,0.010895,0.000000,0.768622,-0.375804
134,None,None,0.127597,0.010895,0.000000,0.768622,-0.375804
134,None,None,0.127597,0.010895,0.000000,0.768622,-0.375804
134,None,None,0.127597,0.010895,0.000000,0.768622,-0.375804
135,None,None,0.114493,0.010351,0.000000,0.768622,-0.375804
135,None,None,0.114493,0.010351,0.000000,0.768622,-0.375804
135,None,None,0.114493,0.010351,0.000000,0.768622,-0.375804
135,None,None,0.114493,0.010351,0.000000,0.768622,-0.375804
136,None,None,0.102150,0.009833,0.000000,0.768622,-0.375804
136,None,None,0.000000,0.009833,0.000000,0.768622,-0.375804
136,None,None,0.000000,0.009833,0.000000,0.768622,-0.375804
136,None,None,0.102150,0.009833,0.000000,0.768622,-0.375804
137,None,None,0.090593,0.009341,0.000000,0.768622,-0.375804
137,None,None,0.000000,0.009341,0.000000,0.768622,-0.375804
137,None,None,0.000000,0.009341,0.000000,0.768622,-0.375804
137,None,None,0.090593,0.009341,0.000000,0.768622,-0.375804
138,None,None,0.000000,0.008874,0.000000,0.768622,-0.375804
138,None,None,0.000000,0.008874,0.000000,0.768622,-0.375804
138,None,None,0.000000,0.008874,0.000000,0.768622,-0.375804
138,None,None,0.000000,0.008874,0.000000,0.768622,-0.375804
139,None,None,0.069892,0.008431,0.000000,0.768622,-0.375804
139,None,None,0.069892,0.008431,0.000000,0.768622,-0.375804
139,None,None,0.069892,0.008431,0.000000,0.768622,-0.375804
139,None,None,0.069892,0.008431,0.000000,0.768622,-0.375804
140,None,None,0.000000,0.008009,0.000000,0.768622,-0.375804
140,None,None,0.060758,0.008009,0.000000,0.768622,-0.375804
140,None,None,0.000000,0.008009,0.000000,0.768622,-0.375804
140,None,None,0.060758,0.008009,0.000000,0.768622,-0.375804
141,None,None,0.000000,0.007609,0.000000,0.768622,-0.375804
141,None,None,0.000000,0.007609,0.000000,0.768622,-0.375804
141,None,None,0.052431,0.007609,0.000000,0.768622,-0.375804
141,None,None,0.000000,0.007609,0.000000,0.768622,-0.375804
142,None,None,0.000000,0.007228,0.000000,0.768622,-0.375804
142,None,None,0.044895,0.007228,0.000000,0.768622,-0.375804
142,None,None,0.000000,0.007228,0.000000,0.768622,-0.375804
142,None,None,0.044895,0.007228,0.000000,0.768622,-0.375804
143,None,None,0.038129,0.006867,0.000000,0.768622,-0.375804
143,None,None,0.000000,0.006867,0.000000,0.768622,-0.375804
143,None,None,0.038129,0.006867,0.000000,0.768622,-0.375804
143,None,None,0.000000,0.006867,0.000000,0.768622,-0.375804
144,None,None,0.000000,0.006523,0.000000,0.768622,-0.375804
144,None,None,0.000000,0.006523,0.000000,0.768622,-0.375804
144,None,None,0.000000,0.006523,0.000000,0.768622,-0.375804
144,None,None,0.032106,0.006523,0.000000,0.768622,-0.375804
145,None,None,0.026791,0.006197,0.000000,0.768622,-0.375804
145,None,None,0.026791,0.006197,0.000000,0.768622,-0.375804
145,None,None,0.026791,0.006197,0.000000,0.768622,-0.375804
145,None,None,0.000000,0.006197,0.000000,0.768622,-0.375804
146,None,None,0.022144,0.005887,0.000000,0.768622,-0.375804
146,None,None,0.000000,0.005887,0.000000,0.768622,-0.375804
146,None,None,0.022144,0.005887,0.000000,0.768622,-0.375804
146,None,None,0.000000,0.005887,0.000000,0.768622,-0.375804
147,None,None,0.018120,0.005593,0.000000,0.768622,-0.375804
147,None,None,0.000000,0.005593,0.000000,0.768622,-0.375804
147,None,None,0.000000,0.005593,0.000000,0.768622,-0.375804
147,None,None,0.000000,0.005593,0.000000,0.768622,-0.375804
148,None,None,0.014672,0.005313,0.000000,0.768622,-0.375804
148,None,None,0.014672,0.005313,0.000000,0.768622,-0.375804
148,None,None,0.000000,0.005313,0.000000,0.768622,-0.375804
148,None,None,0.000000,0.005313,0.000000,0.768622,-0.375804
149,None,None,0.000000,0.005048,0.000000,0.768622,-0.375804
149,None,None,0.000000,0.005048,0.000000,0.768622,-0.375804
149,split,concept:name,0.011748,0.005048,0.252525,0.768622,-0.353372
149,None,None,0.000000,0.005048,0.252525,0.768622,-0.353372
150,None,None,0.000000,0.004795,0.252525,0.768622,-0.353372
150,merge,concept:name,1.000000,0.004795,0.000000,0.768622,-0.375804
150,None,None,0.009298,0.004795,0.000000,0.768622,-0.375804
150,None,None,0.000000,0.004795,0.000000,0.768622,-0.375804
151,None,None,0.000000,0.004556,0.000000,0.768622,-0.375804
151,None,None,0.000000,0.004556,0.000000,0.768622,-0.375804
151,None,None,0.007269,0.004556,0.000000,0.768622,-0.375804
151,None,None,0.000000,0.004556,0.000000,0.768622,-0.375804
152,None,None,0.005609,0.004328,0.000000,0.768622,-0.375804
152,None,None,0.005609,0.004328,0.000000,0.768622,-0.375804
152,None,None,0.005609,0.004328,0.000000,0.768622,-0.375804
152,None,None,0.005609,0.004328,0.000000,0.768622,-0.375804
153,None,None,0.004270,0.004111,0.000000,0.768622,-0.375804
153,None,None,0.004270,0.004111,0.000000,0.768622,-0.375804
153,None,None,0.004270,0.004111,0.000000,0.768622,-0.375804
153,None,None,0.004270,0.004111,0.000000,0.768622,-0.375804
154,None,None,0.000000,0.003906,0.000000,0.768622,-0.375804
154,None,None,0.003204,0.003906,0.000000,0.768622,-0.375804
154,None,None,0.000000,0.003906,0.000000,0.768622,-0.375804
154,None,None,0.003204,0.003906,0.000000,0.768622,-0.375804
155,None,None,0.002368,0.003711,0.000000,0.768622,-0.375804
155,None,None,0.000000,0.003711,0.000000,0.768622,-0.375804
155,None,None,0.002368,0.003711,0.000000,0.768622,-0.375804
155,None,None,0.000000,0.003711,0.000000,0.768622,-0.375804
156,None,None,0.000000,0.003525,0.000000,0.768622,-0.375804
156,None,None,0.001723,0.003525,0.000000,0.768622,-0.375804
156,None,None,0.000000,0.003525,0.000000,0.768622,-0.375804
156,None,None,0.001723,0.003525,0.000000,0.768622,-0.375804
157,None,None,0.000000,0.003349,0.000000,0.768622,-0.375804
157,None,None,0.000000,0.003349,0.000000,0.768622,-0.375804
157,None,None,0.000000,0.003349,0.000000,0.768622,-0.375804
157,None,None,0.000000,0.003349,0.000000,0.768622,-0.375804
158,None,None,0.000000,0.003181,0.000000,0.768622,-0.375804
158,None,None,0.000000,0.003181,0.000000,0.768622,-0.375804
158,None,None,0.000000,0.003181,0.000000,0.768622,-0.375804
158,None,None,0.000866,0.003181,0.000000,0.768622,-0.375804
159,None,None,0.000000,0.003022,0.000000,0.768622,-0.375804
159,None,None,0.000598,0.003022,0.000000,0.768622,-0.375804
159,None,None,0.000598,0.003022,0.000000,0.768622,-0.375804
159,None,None,0.000000,0.003022,0.000000,0.768622,-0.375804
160,None,None,0.000404,0.002871,0.000000,0.768622,-0.375804
160,None,None,0.000000,0.002871,0.000000,0.768622,-0.375804
160,None,None,0.000000,0.002871,0.000000,0.768622,-0.375804
160,None,None,0.000000,0.002871,0.000000,0.768622,-0.375804
161,None,None,0.000268,0.002728,0.000000,0.768622,-0.375804
161,None,None,0.000268,0.002728,0.000000,0.768622,-0.375804
161,None,None,0.000000,0.002728,0.000000,0.768622,-0.375804
161,None,None,0.000000,0.002728,0.000000,0.768622,-0.375804
162,None,None,0.000174,0.002591,0.000000,0.768622,-0.375804
162,None,None,0.000174,0.002591,0.000000,0.768622,-0.375804
162,None,None,0.000000,0.002591,0.000000,0.768622,-0.375804
162,None,None,0.000000,0.002591,0.000000,0.768622,-0.375804
163,None,None,0.000000,0.002462,0.000000,0.768622,-0.375804
163,None,None,0.000000,0.002462,0.000000,0.768622,-0.375804
163,None,None,0.000110,0.002462,0.000000,0.768622,-0.375804
163,None,None,0.000000,0.002462,0.000000,0.768622,-0.375804
164,None,None,0.000000,0.002339,0.000000,0.768622,-0.375804
164,None,None,0.000000,0.002339,0.000000,0.768622,-0.375804
164,None,None,0.000068,0.002339,0.000000,0.768622,-0.375804
164,None,None,0.000000,0.002339,0.000000,0.768622,-0.375804
165,None,None,0.000041,0.002222,0.000000,0.768622,-0.375804
165,None,None,0.000000,0.002222,0.000000,0.768622,-0.375804
165,None,None,0.000041,0.002222,0.000000,0.768622,-0.375804
165,None,None,0.000000,0.002222,0.000000,0.768622,-0.375804
166,None,None,0.000024,0.002111,0.000000,0.768622,-0.375804
166,None,None,0.000000,0.002111,0.000000,0.768622,-0.375804
166,None,None,0.000024,0.002111,0.000000,0.768622,-0.375804
166,None,None,0.000024,0.002111,0.000000,0.768622,-0.375804
167,None,None,0.000014,0.002005,0.000000,0.768622,-0.375804
167,None,None,0.000014,0.002005,0.000000,0.768622,-0.375804
167,None,None,0.000014,0.002005,0.000000,0.768622,-0.375804
167,None,None,0.000014,0.002005,0.000000,0.768622,-0.375804
168,None,None,0.000008,0.001905,0.000000,0.768622,-0.375804
168,None,None,0.000000,0.001905,0.000000,0.768622,-0.375804
168,None,None,0.000000,0.001905,0.000000,0.768622,-0.375804
168,None,None,0.000000,0.001905,0.000000,0.768622,-0.375804
169,None,None,0.000004,0.001810,0.000000,0.768622,-0.375804
169,None,None,0.000000,0.001810,0.000000,0.768622,-0.375804
169,None,None,0.000000,0.001810,0.000000,0.768622,-0.375804
169,None,None,0.000004,0.001810,0.000000,0.768622,-0.375804
170,None,None,0.000002,0.001719,0.000000,0.768622,-0.375804
170,None,None,0.000002,0.001719,0.000000,0.768622,-0.375804
170,None,None,0.000002,0.001719,0.000000,0.768622,-0.375804
170,None,None,0.000002,0.001719,0.000000,0.768622,-0.375804
171,None,None,0.000000,0.001633,0.000000,0.768622,-0.375804
171,None,None,0.000001,0.001633,0.000000,0.768622,-0.375804
171,None,None,0.000000,0.001633,0.000000,0.768622,-0.375804
171,None,None,0.000001,0.001633,0.000000,0.768622,-0.375804
172,None,None,0.000000,0.001551,0.000000,0.768622,-0.375804
172,None,None,0.000000,0.001551,0.000000,0.768622,-0.375804
172,None,None,0.000001,0.001551,0.000000,0.768622,-0.375804
172,None,None,0.000000,0.001551,0.000000,0.768622,-0.375804
173,None,None,0.000000,0.001474,0.000000,0.768622,-0.375804
173,None,None,0.000000,0.001474,0.000000,0.768622,-0.375804
173,None,None,0.000000,0.001474,0.000000,0.768622,-0.375804
173,None,None,0.000000,0.001474,0.000000,0.768622,-0.375804
174,None,None,0.000000,0.001400,0.000000,0.768622,-0.375804
174,None,None,0.000000,0.001400,0.000000,0.768622,-0.375804
174,None,None,0.000000,0.001400,0.000000,0.768622,-0.375804
174,None,None,0.000000,0.001400,0.000000,0.768622,-0.375804
175,None,None,0.000000,0.001330,0.000000,0.768622,-0.375804
175,None,None,0.000000,0.001330,0.000000,0.768622,-0.375804
175,None,None,0.000000,0.001330,0.000000,0.768622,-0.375804
175,None,None,0.000000,0.001330,0.000000,0.768622,-0.375804
176,None,None,0.000000,0.001264,0.000000,0.768622,-0.375804
176,None,None,0.000000,0.001264,0.000000,0.768622,-0.375804
176,None,None,0.000000,0.001264,0.000000,0.768622,-0.375804
176,None,None,0.000000,0.001264,0.000000,0.768622,-0.375804
177,None,None,0.000000,0.001200,0.000000,0.768622,-0.375804
177,None,None,0.000000,0.001200,0.000000,0.768622,-0.375804
177,None,None,0.000000,0.001200,0.000000,0.768622,-0.375804
177,None,None,0.000000,0.001200,0.000000,0.768622,-0.375804
178,None,None,0.000000,0.001140,0.000000,0.768622,-0.375804
178,None,None,0.000000,0.001140,0.000000,0.768622,-0.375804
178,None,None,0.000000,0.001140,0.000000,0.768622,-0.375804
178,None,None,0.000000,0.001140,0.000000,0.768622,-0.375804
179,None,None,0.000000,0.001083,0.000000,0.768622,-0.375804
179,None,None,0.000000,0.001083,0.000000,0.768622,-0.375804
179,None,None,0.000000,0.001083,0.000000,0.768622,-0.375804
179,None,None,0.000000,0.001083,0.000000,0.768622,-0.375804
180,None,None,0.000000,0.001029,0.000000,0.768622,-0.375804
180,None,None,0.000000,0.001029,0.000000,0.768622,-0.375804
180,None,None,0.000000,0.001029,0.000000,0.768622,-0.375804
180,None,None,0.000000,0.001029,0.000000,0.768622,-0.375804
181,None,None,0.000000,0.000978,0.000000,0.768622,-0.375804
181,None,None,0.000000,0.000978,0.000000,0.768622,-0.375804
181,None,None,0.000000,0.000978,0.000000,0.768622,-0.375804
181,None,None,0.000000,0.000978,0.000000,0.768622,-0.375804
182,None,None,0.000000,0.000929,0.000000,0.768622,-0.375804
182,None,None,0.000000,0.000929,0.000000,0.768622,-0.375804
182,None,None,0.000000,0.000929,0.000000,0.768622,-0.375804
182,None,None,0.000000,0.000929,0.000000,0.768622,-0.375804
183,None,None,0.000000,0.000882,0.000000,0.768622,-0.375804
183,None,None,0.000000,0.000882,0.000000,0.768622,-0.375804
183,None,None,0.000000,0.000882,0.000000,0.768622,-0.375804
183,None,None,0.000000,0.000882,0.000000,0.768622,-0.375804
184,None,None,0.000000,0.000838,0.000000,0.768622,-0.375804
184,None,None,0.000000,0.000838,0.000000,0.768622,-0.375804
184,None,None,0.000000,0.000838,0.000000,0.768622,-0.375804
184,None,None,0.000000,0.000838,0.000000,0.768622,-0.375804
185,None,None,0.000000,0.000796,0.000000,0.768622,-0.375804
185,None,None,0.000000,0.000796,0.000000,0.768622,-0.375804
185,None,None,0.000000,0.000796,0.000000,0.768622,-0.375804
185,None,None,0.000000,0.000796,0.000000,0.768622,-0.375804
186,None,None,0.000000,0.000757,0.000000,0.768622,-0.375804
186,None,None,0.000000,0.000757,0.000000,0.768622,-0.375804
186,None,None,0.000000,0.000757,0.000000,0.768622,-0.375804
186,None,None,0.000000,0.000757,0.000000,0.768622,-0.375804
187,None,None,0.000000,0.000719,0.000000,0.768622,-0.375804
187,None,None,0.000000,0.000719,0.000000,0.768622,-0.375804
187,None,None,0.000000,0.000719,0.000000,0.768622,-0.375804
187,None,None,0.000000,0.000719,0.000000,0.768622,-0.375804
188,None,None,0.000000,0.000683,0.000000,0.768622,-0.375804
188,None,None,0.000000,0.000683,0.000000,0.768622,-0.375804
188,None,None,0.000000,0.000683,0.000000,0.768622,-0.375804
188,None,None,0.000000,0.000683,0.000000,0.768622,-0.375804
189,None,None,0.000000,0.000649,0.000000,0.768622,-0.375804
189,None,None,0.000000,0.000649,0.000000,0.768622,-0.375804
189,None,None,0.000000,0.000649,0.000000,0.768622,-0.375804
189,None,None,0.000000,0.000649,0.000000,0.768622,-0.375804
190,None,None,0.000000,0.000616,0.000000,0.768622,-0.375804
190,None,None,0.000000,0.000616,0.000000,0.768622,-0.375804
190,None,None,0.000000,0.000616,0.000000,0.768622,-0.375804
190,None,None,0.000000,0.000616,0.000000,0.768622,-0.375804
191,None,None,0.000000,0.000585,0.000000,0.768622,-0.375804
191,None,None,0.000000,0.000585,0.000000,0.768622,-0.375804
191,None,None,0.000000,0.000585,0.000000,0.768622,-0.375804
191,None,None,0.000000,0.000585,0.000000,0.768622,-0.375804
192,None,None,0.000000,0.000556,0.000000,0.768622,-0.375804
192,None,None,0.000000,0.000556,0.000000,0.768622,-0.375804
192,None,None,0.000000,0.000556,0.000000,0.768622,-0.375804
192,None,None,0.000000,0.000556,0.000000,0.768622,-0.375804
193,None,None,0.000000,0.000528,0.000000,0.768622,-0.375804
193,None,None,0.000000,0.000528,0.000000,0.768622,-0.375804
193,None,None,0.000000,0.000528,0.000000,0.768622,-0.375804
193,None,None,0.000000,0.000528,0.000000,0.768622,-0.375804
194,None,None,0.000000,0.000502,0.000000,0.768622,-0.375804
194,None,None,0.000000,0.000502,0.000000,0.768622,-0.375804
194,None,None,0.000000,0.000502,0.000000,0.768622,-0.375804
194,None,None,0.000000,0.000502,0.000000,0.768622,-0.375804
195,None,None,0.000000,0.000477,0.000000,0.768622,-0.375804
195,None,None,0.000000,0.000477,0.000000,0.768622,-0.375804
195,None,None,0.000000,0.000477,0.000000,0.768622,-0.375804
195,None,None,0.000000,0.000477,0.000000,0.768622,-0.375804
196,None,None,0.000000,0.000453,0.000000,0.768622,-0.375804
196,None,None,0.000000,0.000453,0.000000,0.768622,-0.375804
196,None,None,0.000000,0.000453,0.000000,0.768622,-0.375804
196,None,None,0.000000,0.000453,0.000000,0.768622,-0.375804
197,None,None,0.000000,0.000430,0.000000,0.768622,-0.375804
197,None,None,0.000000,0.000430,0.000000,0.768622,-0.375804
197,None,None,0.000000,0.000430,0.000000,0.768622,-0.375804
197,None,None,0.000000,0.000430,0.000000,0.768622,-0.375804
198,None,None,0.000000,0.000409,0.000000,0.768622,-0.375804
198,None,None,0.000000,0.000409,0.000000,0.768622,-0.375804
198,None,None,0.000000,0.000409,0.000000,0.768622,-0.375804
198,None,None,0.000000,0.000409,0.000000,0.768622,-0.375804
199,None,None,0.000000,0.000388,0.000000,0.768622,-0.375804
199,None,None,0.000000,0.000388,0.000000,0.768622,-0.375804
199,None,None,0.000000,0.000388,0.000000,0.768622,-0.375804
199,None,None,0.000000,0.000388,0.000000,0.768622,-0.375804
200,None,None,0.000000,0.000369,0.000000,0.768622,-0.375804
200,None,None,0.000000,0.000369,0.000000,0.768622,-0.375804
200,None,None,0.000000,0.000369,0.000000,0.768622,-0.375804
200,None,None,0.000000,0.000369,0.000000,0.768622,-0.375804
201,None,None,0.000000,0.000351,0.000000,0.768622,-0.375804
201,None,None,0.000000,0.000351,0.000000,0.768622,-0.375804
201,None,None,0.000000,0.000351,0.000000,0.768622,-0.375804
201,None,None,0.000000,0.000351,0.000000,0.768622,-0.375804
202,None,None,0.000000,0.000333,0.000000,0.768622,-0.375804
202,None,None,0.000000,0.000333,0.000000,0.768622,-0.375804
202,None,None,0.000000,0.000333,0.000000,0.768622,-0.375804
202,None,None,0.000000,0.000333,0.000000,0.768622,-0.375804
203,None,None,0.000000,0.000316,0.000000,0.768622,-0.375804
203,None,None,0.000000,0.000316,0.000000,0.768622,-0.375804
203,None,None,0.000000,0.000316,0.000000,0.768622,-0.375804
203,None,None,0.000000,0.000316,0.000000,0.768622,-0.375804
204,None,None,0.000000,0.000301,0.000000,0.768622,-0.375804
204,None,None,0.000000,0.000301,0.000000,0.768622,-0.375804
204,None,None,0.000000,0.000301,0.000000,0.768622,-0.375804
204,None,None,0.000000,0.000301,0.000000,0.768622,-0.375804
